[{"model": "products.category", "pk": 1, "fields": {"name": "traininggi", "friendly_name": "Training Gi"}}, {"model": "products.category", "pk": 2, "fields": {"name": "karatebelt", "friendly_name": "Karate Belt"}}, {"model": "products.category", "pk": 3, "fields": {"name": "books", "friendly_name": "Books"}}, {"model": "products.category", "pk": 4, "fields": {"name": "accessories", "friendly_name": "Accessories"}}, {"model": "products.category", "pk": 5, "fields": {"name": "membership", "friendly_name": "Membership"}}, {"model": "products.product", "pk": 2, "fields": {"category": 1, "name": "Blitz Adult Odachi WKF Approved Karate Gi - 14oz", "slug": "blitz-adult-odachi-wkf-approved-karate-gi-14oz", "description": "- Approved by the World Karate Federation (WKF)\r\n- Japanese cut: ¾ length sleeves and trouser legs\r\n- Three-sectional trouser gusset to prevent hitching\r\n- 100% brushed cotton canvas\r\n- 14oz\r\n- Colour: White", "price": "90.99", "stock": 50, "rating": "4.5", "timestamp": "2021-10-19T12:33:49.541Z", "updated": "2021-10-19T12:33:49.541Z", "active": true, "is_featured": true}}, {"model": "products.product", "pk": 4, "fields": {"category": 2, "name": "Blitz Plain Coloured Lightweight Belt", "slug": "blitz-plain-coloured-lightweight-belt", "description": "- Ideal for training and grading\r\n- High quality stiching\r\n- Extremely durable\r\n- Easy to tie\r\n- 4cm wide", "price": "3.99", "stock": 15, "rating": "4.3", "timestamp": "2021-10-17T17:34:53.910Z", "updated": "2021-10-17T17:34:53.910Z", "active": true, "is_featured": true}}, {"model": "products.product", "pk": 5, "fields": {"category": 3, "name": "A Karate Story: Thirty Years in the Making", "slug": "a-karate-story-thirty-years-in-the-making", "description": "The autobiography of international karate instructor, Seamus O'Dowd. The book chronicles his journey, over a period of thirty years, from complete novice to high-ranking and respected international instructor. Simple, humorous and heart-warming, the book will inspire and entertain martial artists of all levels.", "price": "16.99", "stock": 7, "rating": "4.1", "timestamp": "2021-10-17T07:12:09.015Z", "updated": "2021-10-17T07:12:09.015Z", "active": true, "is_featured": false}}, {"model": "products.product", "pk": 6, "fields": {"category": 5, "name": "Silver Membership", "slug": "silver-membership", "description": "The silver membership gives you 2 classes everyweek.", "price": "50.00", "stock": 50, "rating": "4.3", "timestamp": "2021-10-17T07:41:08.527Z", "updated": "2021-10-17T07:41:08.527Z", "active": true, "is_featured": false}}, {"model": "products.product", "pk": 7, "fields": {"category": 5, "name": "Platinum Membership", "slug": "platinum-membership", "description": "The platinum membership gives you unlimited classes every week.", "price": "70.00", "stock": 47, "rating": "4.9", "timestamp": "2021-10-18T11:54:52.345Z", "updated": "2021-10-18T11:54:52.345Z", "active": true, "is_featured": true}}, {"model": "products.product", "pk": 20, "fields": {"category": 1, "name": "Blitz Kids Silver Tournament Karate Gi -14 oz", "slug": "blitz-kids-silver-tournament-karate-gi-14-oz", "description": "- European cut: full-length sleeve and trouser legs\r\n- Offers maximum comfort and unrestricted movement\r\n- Comes with a drawstring bag to store the suit\r\n- 100% cotton canvas\r\n- 14oz", "price": "42.99", "stock": 50, "rating": "4.8", "timestamp": "2021-10-19T12:34:34.706Z", "updated": "2021-10-19T12:34:34.706Z", "active": true, "is_featured": false}}, {"model": "products.product", "pk": 21, "fields": {"category": 1, "name": "Blitz Kids Cotton Student Karate Gi - 7oz", "slug": "blitz-kids-cotton-student-karate-gi-7oz", "description": "- Ideal first gi for students\r\n- Trousers have an elastic/tie waistband\r\n- White belt included\r\n- 100% cotton\r\n- 7oz", "price": "24.99", "stock": 48, "rating": "4.7", "timestamp": "2021-10-19T12:08:30.163Z", "updated": "2021-10-19T12:08:30.163Z", "active": true, "is_featured": false}}, {"model": "products.product", "pk": 22, "fields": {"category": 1, "name": "Blitz Adult Student Karate Gi - 7oz", "slug": "blitz-adult-student-karate-gi-7oz", "description": "Ideal first gi for students\r\nTrousers have an elastic/tie waistband\r\nWhite belt included\r\n100% cotton\r\n7oz", "price": "29.99", "stock": 50, "rating": "4.7", "timestamp": "2021-10-19T12:13:01.040Z", "updated": "2021-10-19T12:13:01.040Z", "active": true, "is_featured": false}}, {"model": "products.product", "pk": 23, "fields": {"category": 5, "name": "Gold Membership", "slug": "gold-membership", "description": "The silver membership gives you 3 classes every week.", "price": "60.00", "stock": 100, "rating": "4.0", "timestamp": "2021-10-19T12:17:46.812Z", "updated": "2021-10-19T12:17:46.812Z", "active": true, "is_featured": false}}, {"model": "products.product", "pk": 24, "fields": {"category": 5, "name": "Bronze Membership", "slug": "bronze-membership", "description": "The silver membership gives you 1 class every week.", "price": "40.00", "stock": 100, "rating": "4.5", "timestamp": "2021-10-19T12:18:39.917Z", "updated": "2021-10-19T12:18:39.917Z", "active": true, "is_featured": false}}, {"model": "products.product", "pk": 25, "fields": {"category": 3, "name": "Karate My Life", "slug": "karate-my-life", "description": "Book Karate - My Life, Hirokazu Kanazawa, Hirokazu Kanazawa, English, hardcover, 15,5 x 21,5 cm, 299 pages. KANAZAWA Hirokazu's biography, translated by Alex BENNETT. One of the most influential karate masters Japan has seen, he has devoted himself to the study and promotion of karate for more than 50 years. \"The more I know, the more I climb, yet the mountain just gets higher. The more I try, the more I focus, the depth is limitless. There is no end in sight. That is karate, my life.", "price": "47.50", "stock": 20, "rating": "4.8", "timestamp": "2021-10-19T12:22:39.418Z", "updated": "2021-10-19T12:22:39.418Z", "active": true, "is_featured": false}}, {"model": "products.product", "pk": 26, "fields": {"category": 3, "name": "Karate: The Complete Kata", "slug": "karate-the-complete-kata", "description": "The martial art of karate can be practiced by anyone, regardless of age or gender, and can be undertaken at any time during a person's life. Embraced by people the world over, this traditional Japanese art continues to hold universal appeal. Among the most important aspects of karate practice are the kata, patterns of movement that are carefully choreographed and arranged in sequences.\r\nWith Karate: The Complete Kata, Hirokazu Kanazawa, the foremost figure in the karate world today and a disciple of Gichin Funakoshi, the father of modern karate, offers the definitive work on the subject. Kanazawa explains all the key kata in great detail; and his text is accompanied by thousands of photographs. He also goes into some of the other more difficult aspects of karate, including steps, breathing techniques, and pressure points. Kata need to be practiced regularly on an individual basis, and this book is written with such training in mind. From the beginner to the most advanced practitioner, anyone interested in this revered martial art will want to add Kanazawa's book to his or her library.", "price": "34.99", "stock": 10, "rating": "4.7", "timestamp": "2021-10-19T12:24:39.747Z", "updated": "2021-10-19T12:24:39.747Z", "active": true, "is_featured": false}}, {"model": "products.product", "pk": 27, "fields": {"category": 3, "name": "Karate for Kids", "slug": "karate-for-kids", "description": "This is a fun introduction to studying karate designed specifically with the interests and capabilities of young martial artists in mind. Karate for Kids will help prepare them to start learning about karate and help them practise at home. This book includes thorough introductions to the history and philosophy of the techniques, what to expect in the first few classes, how to warm up and practise, and advice on setting goals.", "price": "10.99", "stock": 50, "rating": "4.6", "timestamp": "2021-10-19T12:26:13.817Z", "updated": "2021-10-19T12:26:13.817Z", "active": true, "is_featured": false}}, {"model": "products.product", "pk": 28, "fields": {"category": 4, "name": "Blitz Karate Discipline Duffle Bag", "slug": "blitz-karate-discipline-duffle-bag", "description": "Drawstring duffle bag\r\nMade from 14oz cotton canvas\r\nBlack belt detail to fasten the bag\r\nComplete with printed martial art style motif\r\nDimensions: 40cm x 45cm", "price": "10.99", "stock": 20, "rating": "4.0", "timestamp": "2021-10-19T12:34:34.701Z", "updated": "2021-10-19T12:34:34.701Z", "active": true, "is_featured": true}}, {"model": "products.productimage", "pk": 1, "fields": {"product": 2, "image": "products_imgs/blitz-adult-odachi-wkf-approved-karate-suit_HP47qVo.jpg", "featured": true, "active": true, "updated": "2021-10-17T07:05:16.692Z"}}, {"model": "products.productimage", "pk": 2, "fields": {"product": 2, "image": "products_imgs/blitz-adult-odachi-wkf-approved-karate-suit-back_VmL7Jnw.jpg", "featured": false, "active": true, "updated": "2021-10-17T07:06:40.802Z"}}, {"model": "products.productimage", "pk": 3, "fields": {"product": 2, "image": "products_imgs/blitz-adult-odachi-wkf-approved-karate-suit-side_G2lbVnN.jpg", "featured": false, "active": true, "updated": "2021-10-17T07:06:40.804Z"}}, {"model": "products.productimage", "pk": 4, "fields": {"product": 2, "image": "products_imgs/blitz-adult-odachi-wkf-approved-karate-suit-4_ruQWgeD.jpg", "featured": false, "active": true, "updated": "2021-10-17T07:06:40.805Z"}}, {"model": "products.productimage", "pk": 5, "fields": {"product": 2, "image": "products_imgs/blitz-adult-odachi-wkf-approved-karate-suit-3_x7O5ixo.jpg", "featured": false, "active": true, "updated": "2021-10-17T07:06:40.806Z"}}, {"model": "products.productimage", "pk": 6, "fields": {"product": 2, "image": "products_imgs/blitz-adult-odachi-wkf-approved-karate-suit-2_N3tZ5ks.jpg", "featured": false, "active": true, "updated": "2021-10-17T07:06:40.807Z"}}, {"model": "products.productimage", "pk": 7, "fields": {"product": 2, "image": "products_imgs/blitz-adult-odachi-wkf-approved-karate-suit-1_nt8xpK8.jpg", "featured": false, "active": true, "updated": "2021-10-17T07:06:40.809Z"}}, {"model": "products.productimage", "pk": 12, "fields": {"product": 6, "image": "products_imgs/silver.jpeg", "featured": true, "active": true, "updated": "2021-10-17T07:11:58.126Z"}}, {"model": "products.productimage", "pk": 13, "fields": {"product": 7, "image": "products_imgs/platinum.jpeg", "featured": true, "active": true, "updated": "2021-10-17T07:11:47.114Z"}}, {"model": "products.productimage", "pk": 14, "fields": {"product": 5, "image": "products_imgs/images.jpg", "featured": true, "active": true, "updated": "2021-10-17T07:12:09.017Z"}}, {"model": "products.productimage", "pk": 15, "fields": {"product": 4, "image": "products_imgs/blitz-plain-coloured-lightweight-belt.jpg", "featured": true, "active": true, "updated": "2021-10-17T07:12:38.932Z"}}, {"model": "products.productimage", "pk": 21, "fields": {"product": 20, "image": "products_imgs/blitz-kids-silver-tournament-karate-suit-White.jpg", "featured": true, "active": true, "updated": "2021-10-19T12:03:15.138Z"}}, {"model": "products.productimage", "pk": 22, "fields": {"product": 20, "image": "products_imgs/Kids-Silver-Tournament-Karate-Suit-Back.jpg", "featured": false, "active": true, "updated": "2021-10-19T12:03:15.139Z"}}, {"model": "products.productimage", "pk": 23, "fields": {"product": 20, "image": "products_imgs/blitz-kids-silver-tournament-karate-suit-Black.jpg", "featured": false, "active": true, "updated": "2021-10-19T12:03:15.140Z"}}, {"model": "products.productimage", "pk": 24, "fields": {"product": 20, "image": "products_imgs/blitz-kids-silver-tournament-karate-suit-black-back.jpg", "featured": false, "active": true, "updated": "2021-10-19T12:03:15.140Z"}}, {"model": "products.productimage", "pk": 25, "fields": {"product": 20, "image": "products_imgs/Kids-Silver-Tournament-Karate-Suit-Detail-A.jpg", "featured": false, "active": true, "updated": "2021-10-19T12:03:15.141Z"}}, {"model": "products.productimage", "pk": 26, "fields": {"product": 20, "image": "products_imgs/blitz-kids-silver-tournament-karate-suit-6_GPMc3uE.jpg", "featured": false, "active": true, "updated": "2021-10-19T12:03:15.141Z"}}, {"model": "products.productimage", "pk": 27, "fields": {"product": 20, "image": "products_imgs/Kids-Silver-Tournament-Karate-Suit-Detail-E_3nscLGS.jpg", "featured": false, "active": true, "updated": "2021-10-19T12:03:15.142Z"}}, {"model": "products.productimage", "pk": 28, "fields": {"product": 20, "image": "products_imgs/Kids-Silver-Tournament-Karate-Suit-Lifestyle_QRZgUUR.jpg", "featured": false, "active": true, "updated": "2021-10-19T12:03:15.143Z"}}, {"model": "products.productimage", "pk": 29, "fields": {"product": 21, "image": "products_imgs/blitz-kids-cotton-student-karate-suit-7oz-White.jpg", "featured": true, "active": true, "updated": "2021-10-19T12:08:30.167Z"}}, {"model": "products.productimage", "pk": 30, "fields": {"product": 21, "image": "products_imgs/blitz-kids-cotton-student-karate-suit-7oz-white-back.jpg", "featured": false, "active": true, "updated": "2021-10-19T12:08:30.168Z"}}, {"model": "products.productimage", "pk": 31, "fields": {"product": 21, "image": "products_imgs/blitz-kids-cotton-student-karate-suit-7oz-Black.jpg", "featured": false, "active": true, "updated": "2021-10-19T12:08:30.169Z"}}, {"model": "products.productimage", "pk": 32, "fields": {"product": 21, "image": "products_imgs/blitz-kids-cotton-student-karate-suit-7oz-black-back.jpg", "featured": false, "active": true, "updated": "2021-10-19T12:08:30.169Z"}}, {"model": "products.productimage", "pk": 33, "fields": {"product": 22, "image": "products_imgs/blitz-adult-student-karate-suit-White.jpg", "featured": true, "active": true, "updated": "2021-10-19T12:13:01.044Z"}}, {"model": "products.productimage", "pk": 34, "fields": {"product": 22, "image": "products_imgs/Blitz-Adult-Student-Karate-Suit-White-Back.jpg", "featured": false, "active": true, "updated": "2021-10-19T12:13:01.046Z"}}, {"model": "products.productimage", "pk": 35, "fields": {"product": 22, "image": "products_imgs/blitz-adult-student-karate-suit-Black.jpg", "featured": false, "active": true, "updated": "2021-10-19T12:13:01.046Z"}}, {"model": "products.productimage", "pk": 36, "fields": {"product": 22, "image": "products_imgs/Blitz-Adult-Student-Karate-Suit-Black-Back.jpg", "featured": false, "active": true, "updated": "2021-10-19T12:13:01.047Z"}}, {"model": "products.productimage", "pk": 37, "fields": {"product": 22, "image": "products_imgs/blitz-adult-student-karate-suit-Red.jpg", "featured": false, "active": true, "updated": "2021-10-19T12:13:01.049Z"}}, {"model": "products.productimage", "pk": 38, "fields": {"product": 22, "image": "products_imgs/Blitz-Adult-Student-Karate-Suit-Red-Back.jpg", "featured": false, "active": true, "updated": "2021-10-19T12:13:01.050Z"}}, {"model": "products.productimage", "pk": 39, "fields": {"product": 22, "image": "products_imgs/Blitz-Adult-Student-Karate-Suit-Detail-2.jpg", "featured": false, "active": true, "updated": "2021-10-19T12:13:01.051Z"}}, {"model": "products.productimage", "pk": 40, "fields": {"product": 23, "image": "products_imgs/gold.jpeg", "featured": true, "active": true, "updated": "2021-10-19T12:17:46.815Z"}}, {"model": "products.productimage", "pk": 41, "fields": {"product": 24, "image": "products_imgs/bronze.jpeg", "featured": true, "active": true, "updated": "2021-10-19T12:18:39.919Z"}}, {"model": "products.productimage", "pk": 42, "fields": {"product": 25, "image": "products_imgs/karate-my-life.jpg", "featured": true, "active": true, "updated": "2021-10-19T12:22:39.423Z"}}, {"model": "products.productimage", "pk": 43, "fields": {"product": 26, "image": "products_imgs/karate-kata.jpeg", "featured": true, "active": true, "updated": "2021-10-19T12:24:39.749Z"}}, {"model": "products.productimage", "pk": 44, "fields": {"product": 27, "image": "products_imgs/karate-for-kids.jpeg", "featured": true, "active": true, "updated": "2021-10-19T12:26:13.856Z"}}, {"model": "products.productimage", "pk": 45, "fields": {"product": 28, "image": "products_imgs/blitz-karate-discipline-duffle-bag-white.jpg", "featured": true, "active": true, "updated": "2021-10-19T12:31:56.932Z"}}, {"model": "products.productimage", "pk": 46, "fields": {"product": 28, "image": "products_imgs/blitz-karate-discipline-duffle-bag-black.jpg", "featured": false, "active": true, "updated": "2021-10-19T12:31:56.933Z"}}, {"model": "products.variation", "pk": 1, "fields": {"product": 2, "variation_category": "size", "variation_value": "160cm", "updated": "2021-10-17T07:14:28.362Z", "active": true}}, {"model": "products.variation", "pk": 2, "fields": {"product": 2, "variation_category": "size", "variation_value": "170cm", "updated": "2021-10-17T07:14:49.288Z", "active": true}}, {"model": "products.variation", "pk": 3, "fields": {"product": 2, "variation_category": "size", "variation_value": "180cm", "updated": "2021-10-17T07:15:05.702Z", "active": true}}, {"model": "products.variation", "pk": 11, "fields": {"product": 4, "variation_category": "size", "variation_value": "230cm", "updated": "2021-10-17T07:23:31.605Z", "active": true}}, {"model": "products.variation", "pk": 12, "fields": {"product": 4, "variation_category": "size", "variation_value": "250cm", "updated": "2021-10-17T07:23:42.412Z", "active": true}}, {"model": "products.variation", "pk": 13, "fields": {"product": 4, "variation_category": "size", "variation_value": "280cm", "updated": "2021-10-17T07:24:00.334Z", "active": true}}, {"model": "products.variation", "pk": 14, "fields": {"product": 4, "variation_category": "size", "variation_value": "320cm", "updated": "2021-10-17T07:24:11.570Z", "active": true}}, {"model": "products.variation", "pk": 22, "fields": {"product": 22, "variation_category": "color", "variation_value": "Black", "updated": "2021-10-19T12:13:28.667Z", "active": true}}, {"model": "products.variation", "pk": 25, "fields": {"product": 22, "variation_category": "color", "variation_value": "White", "updated": "2021-10-19T12:14:29.090Z", "active": true}}, {"model": "products.variation", "pk": 26, "fields": {"product": 22, "variation_category": "color", "variation_value": "Red", "updated": "2021-10-19T12:14:40.502Z", "active": true}}, {"model": "products.variation", "pk": 27, "fields": {"product": 22, "variation_category": "size", "variation_value": "160cm", "updated": "2021-10-19T12:15:07.273Z", "active": true}}, {"model": "products.variation", "pk": 28, "fields": {"product": 22, "variation_category": "size", "variation_value": "170cm", "updated": "2021-10-19T12:15:17.465Z", "active": true}}, {"model": "products.variation", "pk": 29, "fields": {"product": 22, "variation_category": "size", "variation_value": "180cm", "updated": "2021-10-19T12:15:27.806Z", "active": true}}, {"model": "products.variation", "pk": 30, "fields": {"product": 22, "variation_category": "size", "variation_value": "190cm", "updated": "2021-10-19T12:15:38.828Z", "active": true}}, {"model": "products.variation", "pk": 31, "fields": {"product": 28, "variation_category": "color", "variation_value": "Black", "updated": "2021-10-19T12:32:10.537Z", "active": true}}, {"model": "products.variation", "pk": 32, "fields": {"product": 28, "variation_category": "color", "variation_value": "White", "updated": "2021-10-19T12:32:32.773Z", "active": true}}, {"model": "products.variation", "pk": 33, "fields": {"product": 21, "variation_category": "color", "variation_value": "Black", "updated": "2021-10-19T12:36:49.765Z", "active": true}}, {"model": "products.variation", "pk": 34, "fields": {"product": 21, "variation_category": "color", "variation_value": "White", "updated": "2021-10-19T12:37:00.090Z", "active": true}}, {"model": "products.variation", "pk": 35, "fields": {"product": 21, "variation_category": "size", "variation_value": "110cm", "updated": "2021-10-19T12:37:15.209Z", "active": true}}, {"model": "products.variation", "pk": 36, "fields": {"product": 21, "variation_category": "size", "variation_value": "120cm", "updated": "2021-10-19T12:37:27.588Z", "active": true}}, {"model": "products.variation", "pk": 37, "fields": {"product": 21, "variation_category": "size", "variation_value": "130cm", "updated": "2021-10-19T12:37:38.415Z", "active": true}}, {"model": "products.variation", "pk": 38, "fields": {"product": 21, "variation_category": "size", "variation_value": "140cm", "updated": "2021-10-19T12:37:48.221Z", "active": true}}, {"model": "products.variation", "pk": 39, "fields": {"product": 21, "variation_category": "size", "variation_value": "150cm", "updated": "2021-10-19T12:38:00.079Z", "active": true}}, {"model": "products.variation", "pk": 40, "fields": {"product": 20, "variation_category": "color", "variation_value": "Black", "updated": "2021-10-19T12:44:56.624Z", "active": true}}, {"model": "products.variation", "pk": 41, "fields": {"product": 20, "variation_category": "color", "variation_value": "White", "updated": "2021-10-19T12:45:08.141Z", "active": true}}, {"model": "products.variation", "pk": 42, "fields": {"product": 20, "variation_category": "size", "variation_value": "110cm", "updated": "2021-10-19T12:45:22.003Z", "active": true}}, {"model": "products.variation", "pk": 43, "fields": {"product": 20, "variation_category": "size", "variation_value": "120cm", "updated": "2021-10-19T12:45:30.699Z", "active": true}}, {"model": "products.variation", "pk": 44, "fields": {"product": 20, "variation_category": "size", "variation_value": "130cm", "updated": "2021-10-19T12:45:39.319Z", "active": true}}, {"model": "products.variation", "pk": 45, "fields": {"product": 20, "variation_category": "size", "variation_value": "140cm", "updated": "2021-10-19T12:45:47.378Z", "active": true}}, {"model": "products.variation", "pk": 46, "fields": {"product": 20, "variation_category": "size", "variation_value": "150cm", "updated": "2021-10-19T12:45:59.184Z", "active": true}}]